/*
 Navicat Premium Data Transfer

 Source Server         : mysql
 Source Server Type    : MySQL
 Source Server Version : 50731
 Source Host           : localhost:3306
 Source Schema         : wsa

 Target Server Type    : MySQL
 Target Server Version : 50731
 File Encoding         : 65001

 Date: 23/07/2024 22:17:51
*/

SET NAMES utf8mb4;
SET FOREIGN_KEY_CHECKS = 0;

-- ----------------------------
-- Table structure for authorities
-- ----------------------------
DROP TABLE IF EXISTS `authorities`;
CREATE TABLE `authorities`  (
  `id` bigint(20) NOT NULL AUTO_INCREMENT,
  `username` varchar(50) CHARACTER SET utf8mb4 COLLATE utf8mb4_general_ci NOT NULL,
  `roleId` int(20) NOT NULL,
  `authority` varchar(50) CHARACTER SET utf8mb4 COLLATE utf8mb4_general_ci NOT NULL,
  `userId` int(11) NOT NULL,
  PRIMARY KEY (`id`) USING BTREE,
  INDEX `username`(`username`) USING BTREE
) ENGINE = InnoDB AUTO_INCREMENT = 4 CHARACTER SET = utf8mb4 COLLATE = utf8mb4_general_ci ROW_FORMAT = Dynamic;

-- ----------------------------
-- Records of authorities
-- ----------------------------
INSERT INTO `authorities` VALUES (1, 'organizer', 1, 'organizer', 1);
INSERT INTO `authorities` VALUES (2, 'admin', 3, 'admin', 2);
INSERT INTO `authorities` VALUES (3, 'volunteer', 2, 'volunteer', 3);

-- ----------------------------
-- Table structure for credentials
-- ----------------------------
DROP TABLE IF EXISTS `credentials`;
CREATE TABLE `credentials`  (
  `id` int(11) NOT NULL AUTO_INCREMENT,
  `volunteerId` int(11) DEFAULT NULL,
  `credentialName` varchar(255) CHARACTER SET latin1 COLLATE latin1_swedish_ci DEFAULT NULL,
  `credentialUrl` varchar(255) CHARACTER SET latin1 COLLATE latin1_swedish_ci DEFAULT NULL,
  PRIMARY KEY (`id`) USING BTREE
) ENGINE = InnoDB AUTO_INCREMENT = 3 CHARACTER SET = latin1 COLLATE = latin1_swedish_ci ROW_FORMAT = Dynamic;

-- ----------------------------
-- Records of credentials
-- ----------------------------
INSERT INTO `credentials` VALUES (1, 1, 'test1', '/files/1');
INSERT INTO `credentials` VALUES (2, 1, 'testUpload', '/files/2');

-- ----------------------------
-- Table structure for emails
-- ----------------------------
DROP TABLE IF EXISTS `emails`;
CREATE TABLE `emails`  (
  `id` bigint(20) NOT NULL AUTO_INCREMENT,
  `toEmail` varchar(100) CHARACTER SET utf8mb4 COLLATE utf8mb4_general_ci NOT NULL,
  `subject` varchar(255) CHARACTER SET utf8mb4 COLLATE utf8mb4_general_ci NOT NULL,
  `body` text CHARACTER SET utf8mb4 COLLATE utf8mb4_general_ci NOT NULL,
  `status` enum('pending','sent','failed') CHARACTER SET utf8mb4 COLLATE utf8mb4_general_ci DEFAULT 'pending',
  `createdAt` datetime(0) NOT NULL DEFAULT CURRENT_TIMESTAMP,
  `sendAt` datetime(0) DEFAULT NULL,
  PRIMARY KEY (`id`) USING BTREE
) ENGINE = InnoDB AUTO_INCREMENT = 1 CHARACTER SET = utf8mb4 COLLATE = utf8mb4_general_ci ROW_FORMAT = Dynamic;

-- ----------------------------
-- Table structure for eventfacilities
-- ----------------------------
DROP TABLE IF EXISTS `eventfacilities`;
CREATE TABLE `eventfacilities`  (
  `id` int(11) NOT NULL AUTO_INCREMENT,
  `eventId` int(11) DEFAULT NULL,
  `name` varchar(255) CHARACTER SET utf8mb4 COLLATE utf8mb4_general_ci DEFAULT NULL,
  PRIMARY KEY (`id`) USING BTREE
) ENGINE = InnoDB AUTO_INCREMENT = 29 CHARACTER SET = utf8mb4 COLLATE = utf8mb4_general_ci ROW_FORMAT = Dynamic;

-- ----------------------------
-- Records of eventfacilities
-- ----------------------------
INSERT INTO `eventfacilities` VALUES (7, 5, 'Transform Hospital Group - Cardiff Clinic');
INSERT INTO `eventfacilities` VALUES (8, 5, 'St David\'s Hospital');
INSERT INTO `eventfacilities` VALUES (9, 5, 'Fat Freezing Cardiff - Portland Body Clinic');
INSERT INTO `eventfacilities` VALUES (10, 5, 'Life Line Screening');
INSERT INTO `eventfacilities` VALUES (11, 5, 'Cathedral Road Clinic');
INSERT INTO `eventfacilities` VALUES (12, 5, 'Veincentre');
INSERT INTO `eventfacilities` VALUES (13, 5, 'Elated hair salon & beauty clinic');
INSERT INTO `eventfacilities` VALUES (14, 5, 'Crwys Medical Centre');
INSERT INTO `eventfacilities` VALUES (15, 5, 'St David\'s Children\'s Centre');
INSERT INTO `eventfacilities` VALUES (16, 5, 'Boots Hearingcare Cardiff');
INSERT INTO `eventfacilities` VALUES (17, 5, 'Medical Systems Ltd');
INSERT INTO `eventfacilities` VALUES (18, 5, 'Ysbyty Calon y Ddraig - Dragon\'s Heart Hospital');
INSERT INTO `eventfacilities` VALUES (19, 5, 'Whitchurch Road Surgery');
INSERT INTO `eventfacilities` VALUES (22, 6, 'Transform Hospital Group - Cardiff Clinic');
INSERT INTO `eventfacilities` VALUES (23, 6, 'CAU');
INSERT INTO `eventfacilities` VALUES (24, 6, 'Cardiff Royal Infirmary');
INSERT INTO `eventfacilities` VALUES (25, 6, 'Veincentre');
INSERT INTO `eventfacilities` VALUES (26, 6, 'Elated hair salon & beauty clinic');
INSERT INTO `eventfacilities` VALUES (27, 4, 'CAU');
INSERT INTO `eventfacilities` VALUES (28, 4, 'Cardiff Royal Infirmary');

-- ----------------------------
-- Table structure for eventregistrations
-- ----------------------------
DROP TABLE IF EXISTS `eventregistrations`;
CREATE TABLE `eventregistrations`  (
  `id` bigint(20) NOT NULL AUTO_INCREMENT,
  `eventId` bigint(20) NOT NULL,
  `volunteerId` bigint(20) NOT NULL,
  `roleId` bigint(20) NOT NULL,
  `status` enum('pending','accepted','rejected') CHARACTER SET utf8mb4 COLLATE utf8mb4_general_ci DEFAULT 'pending',
  PRIMARY KEY (`id`) USING BTREE
) ENGINE = InnoDB AUTO_INCREMENT = 3 CHARACTER SET = utf8mb4 COLLATE = utf8mb4_general_ci ROW_FORMAT = Dynamic;

-- ----------------------------
-- Records of eventregistrations
-- ----------------------------
INSERT INTO `eventregistrations` VALUES (1, 4, 1, 2, 'pending');
INSERT INTO `eventregistrations` VALUES (2, 4, 2, 1, 'pending');

-- ----------------------------
-- Table structure for eventroles
-- ----------------------------
DROP TABLE IF EXISTS `eventroles`;
CREATE TABLE `eventroles`  (
  `id` bigint(20) NOT NULL AUTO_INCREMENT,
  `eventId` bigint(20) NOT NULL,
  `roleName` varchar(100) CHARACTER SET utf8mb4 COLLATE utf8mb4_general_ci DEFAULT NULL,
  `roleDescription` text CHARACTER SET utf8mb4 COLLATE utf8mb4_general_ci,
  `volunteerCount` int(11) DEFAULT NULL,
  PRIMARY KEY (`id`) USING BTREE
) ENGINE = InnoDB AUTO_INCREMENT = 19 CHARACTER SET = utf8mb4 COLLATE = utf8mb4_general_ci ROW_FORMAT = Dynamic;

-- ----------------------------
-- Records of eventroles
-- ----------------------------
INSERT INTO `eventroles` VALUES (10, 5, 'role2', NULL, 2);
INSERT INTO `eventroles` VALUES (14, 6, 'role4', NULL, 2);
INSERT INTO `eventroles` VALUES (15, 6, 'role2', NULL, 1);
INSERT INTO `eventroles` VALUES (16, 4, 'role1', NULL, 2);
INSERT INTO `eventroles` VALUES (17, 4, 'role2', NULL, 1);
INSERT INTO `eventroles` VALUES (18, 4, 'role3', NULL, 3);

-- ----------------------------
-- Table structure for events
-- ----------------------------
DROP TABLE IF EXISTS `events`;
CREATE TABLE `events`  (
  `id` bigint(20) NOT NULL AUTO_INCREMENT,
  `organizerId` bigint(20) NOT NULL,
  `title` varchar(100) CHARACTER SET utf8mb4 COLLATE utf8mb4_general_ci NOT NULL,
  `description` text CHARACTER SET utf8mb4 COLLATE utf8mb4_general_ci,
  `location` varchar(255) CHARACTER SET utf8mb4 COLLATE utf8mb4_general_ci DEFAULT NULL,
  `status` enum('Awaiting review','Passed','Rejected') CHARACTER SET utf8mb4 COLLATE utf8mb4_general_ci DEFAULT 'Awaiting review',
  `pointsAwarded` int(11) DEFAULT 0,
  `startDate` datetime(0) NOT NULL,
  `endDate` datetime(0) NOT NULL,
  PRIMARY KEY (`id`) USING BTREE
) ENGINE = InnoDB AUTO_INCREMENT = 7 CHARACTER SET = utf8mb4 COLLATE = utf8mb4_general_ci ROW_FORMAT = Dynamic;

-- ----------------------------
-- Records of events
-- ----------------------------
INSERT INTO `events` VALUES (1, 1, 'event1', 'test event', 'cardiff', 'Passed', 100, '2024-07-12 04:26:05', '2024-07-12 07:26:16');
INSERT INTO `events` VALUES (4, 1, 'test23', 'test2', '15 Pen-Y-Lan Rd, Cardiff CF24 3PG, UK', 'Awaiting review', 77, '2024-07-20 09:00:00', '2024-07-20 22:00:00');
INSERT INTO `events` VALUES (5, 1, 'tes', 'tes', 'Julian Hodge Building, Colum Dr, Cardiff CF10 3EU, UK', 'Awaiting review', 2, '2024-07-14 01:08:36', '2024-07-14 09:06:42');
INSERT INTO `events` VALUES (6, 1, 'test', 'test', '5 Pen-Y-Lan Rd, Cardiff CF24 3PG, UK', 'Awaiting review', 2, '2024-07-24 08:00:00', '2024-07-24 15:00:00');

-- ----------------------------
-- Table structure for files
-- ----------------------------
DROP TABLE IF EXISTS `files`;
CREATE TABLE `files`  (
  `id` int(11) NOT NULL AUTO_INCREMENT,
  `filename` varchar(255) CHARACTER SET latin1 COLLATE latin1_swedish_ci NOT NULL,
  `content_type` varchar(255) CHARACTER SET latin1 COLLATE latin1_swedish_ci NOT NULL,
  `data` longblob NOT NULL,
  PRIMARY KEY (`id`) USING BTREE
) ENGINE = InnoDB AUTO_INCREMENT = 3 CHARACTER SET = latin1 COLLATE = latin1_swedish_ci ROW_FORMAT = Dynamic;

-- ----------------------------
-- Records of files
-- ----------------------------
INSERT INTO `files` VALUES (1, 'test1.jpg', 'image/jpeg', 0xFFD8FFE000104A46494600010100000100010000FFDB0084000505050505050506060508080708080B0A09090A0B110C0D0C0D0C111A1013101013101A171B1615161B1729201C1C20292F2725272F393333394744475D5D7D010505050505050506060508080708080B0A09090A0B110C0D0C0D0C111A1013101013101A171B1615161B1729201C1C20292F2725272F393333394744475D5D7DFFC20011080168016803012200021101031101FFC4003600010002020301000000000000000000000006070405020308010101000203010101000000000000000000000506030407020108FFDA000C03010002100310000000F65800000000000000000000000000000000000000000000000000000000000000000000000000000006063F59E82C72B5316AEA2ACE55F95B071A0E8EDB9DF083BC7AB0F3AAE6D60BA7BE8DDB4C47DB8834AAD10D9E24F4C00000000000000000070F8E7AE8BC269D6092468A05A0606B67CF63E4072D5FDF9B247F2FDFCDAB971C5E81F4092CEAA0FB6586BBD069B746A973121AA00000000000000C0F1EBB2B2C4C2E5D740AC4D08166C680D71675BA3AE1A86B6E8FBF7375DD89AC5C65F8197A8B6EC1F25F4C36CFADFE796645A793D08AD6C588D8ED1AF91B8D3B3E2B972E9DB57A9D27345862800000000001C3E31EA7CAD472CBB0562698997526DE2B4FCA376D0F64D20B0EB80000000CEF93BD5FB33B1EAE965377A4822F6D9D82C9E2E5CBA9ED5EB942E626E3C0000000010594D434DB07C1CDAE00282BF68899D580E1FDE3768FFA3E871393A327EB8B8703B87C00E3C86EAECF3CF18FC9EC4F90A9AD164C30FB4DE11F64352EF6BF61D9F9E864F00000003031FA81C68E25D1C357380AC67F5EC96AD25288A5E97E8AA26757CD8187053D3C923060E5DBD0F1E3BB559E7D8141EF564F7E42847BD23D97378C172D3D9B67AE670BB03532FA07EEB765CF6543CFB024D6551F70F44A9678BBD70000001059D545569AD60E5B76000FB41DF783BD83C99E80A12EDBF435FC34F44000000051D78D0397251B6357DEADD096D87C293280009B427672BA36E8ECDCF40000031E95B4EAEE6D6F0A6D840006DF630F9DA5D2FD2DDE0EDE1F74C000000051979D4393DD79796AE575E97D40AE4A00038F27C5D191A0DFF71E6C1B780000088D7B3983725BD057A58001208FEC2474A4154DAB1FB957A403C000000005576A47FDA43AFCFD046ED6BC53AC800005852E83CE3AFD0427234000084C167107E437C08294000037DB088664F44C91C795861C3E8000001F3E4774F6367A1F9F6AB3E1AB9C00009D4DA0F38EB7430B0458000111AF6D1ABB965D82AF34000001BED8C664D6EAE84969800000F9AED0E4E3532CA1A5B4000001614BB41BFECDCF0257480000E8A52F2A8A8965D60E7F6B0000006F346DAD797B172AE75B0F7E4001ACC98D42C9056670000001C796CF2E3B5720EE9CD03D7C00001059D60466E53C38BF4400001D719F3E5861BD27BBF16674C687B536F5C4F9E762D767E7C5C9F783EF2C7C6D77AF3D3D30CF36C76EFAAB6DE3192EDE0F56A2B2AA4D9030E60004DA1370DAA0F3C751A5800000015AC66E0A8394DDFE0AD4C87C34D8F58DEEA75BE3179AFB43BEF9EBE7A16EBAA6D6A9CC6AF0247AFC1975BF3EBDF902A2F38FA97CEF618CFA37F5F27D3DE58B463366EF47A43CBAEC11DBC3EBE492CBD76C7B15002663C000000041A73C23F6A926E347C72FFD15E74627E96E2E1D4A99A0805BDADA7582B16661F38B9EEFD87E219A45ED7AEDD5DB5B96E1899C3031B67E49DDD7D3E8CB34539E4D853B1587BE3AA515B2D6B1FAB572EAAB47F2B770EC9B686D4F19BB0747A9000000000018940FA274D89E486E74DDDB98064F007541E7A88DFA7D62C1B995D679EA6F08DA5529CF4E3EF98A277716B7665AE1B0E4722DDDFAA9D5DA5F2AE1EBE00B1A25E9DE7D6BCFCB291680F7F00000000000035BE6EF51F5CC46F8CD73D37D3695C0486A00F9F5F3EC56216CF1A94ED77AC9DEF20E4A2F29FABCD642475401CFE7DE12D9D5CB4DB1606CCE7F6D0F3E8000000000000001A1DF3278F3A575ED0D35BEBDE485CF5E5BABF1B75F64A68800007093E2C91B5CD6856E628EBB37EA4D98226400000000000000000000000C288CEDB582ABD75CA91D3A57B2E67BF3556EA76D5CF839C46EE879FA000000000000000000000000000000000000000000000000000000000000000000000000000000001FFFC400521000020102030405050A0A070704030000010203040500061112213141073051617113202281B11014233242526291A1C11516344053738292A2C2243343546372D12550566470B2E144559394A4E2E3FFDA0008010100013F00FF00A8D51554D4C359EA228876BB85F6E25CCF658B51EFDF287B23467F60C3E72A00004A3AA6F10A3DAD839D17E4DA9CF8CC07B01C7E3DCDFF00B4AFFF0037FF00AE067453F1AD4E3C2607DA0623CE94007A5475487C15BD8710E67B24A37D679363C0488CBF592314F554D523582A229476A386F67FB8AB2E54340A1AA6A523D78027563E006F38ABCE5A1228A8B6BE9CDB87EE8C54DF2EF57AF94AF755F9917C18FB37E365768B15D49E24EF27D67A8D95DA0C17423811B88F58C52DF2EF47BA2AF765F992FC2AFDBBF1499CB82D6D169FE2427687AD4E28EE5455EA4D354A49A7100E8C3C41DE3F3DAFBA515B536AA670A4FC54E2CDE0315F9A6BAAB54A51EF68BB78C87EE183AB3B3B316763AB3B12493DE4F5C355757562AEA7557524107B88C5BF34D7D2909543DF3176F0907DC714173A2B926D534C1881E921DCCBE23F39665452CC4050379C5D735EF686DBA31E06A08D547F9073F1E1876791DA491D9E46F8CEC4927CCB9DD2DD65A47ACB9D7454B4EBF2E43C48E4A06F63DC314D3FBE69E19FC8CB1091038499761C03F39791EE3EE04761A85247338A8BD5968C95AABD50427987A98C11F6E3F1BB29FF00C4F6CFFEC2E20BED86A8814F7EB74A4F24AA8C9F6E3618A860A4A9E046F1E7A33C6EB246EC922FC57524118B566CD4AC3720AA780A851A29FF0038E5E3C30ACAEA19482A46E3F9B55D6535040F3D4481117ED3D83B4E2ED7BA9BB314DF152F28B9B77BFF00A79B9BB3CD2E5D2D454889557420131927C95383CE5239F626325DBEB337E6692F1799DEAD2DDB0E4C9BD4CCC498E355E0A8BBD8818BBDEED76380555D2B5604627601D5A4908E488352D8BBF4A771A82D15968528E2E53D4012CC7C13E22E2E173BA5D98B5C6E95557CF66590941E083451858A24F8B122F80030CCA8A4B1000E67166E8FEFF7D5495A8E3A2A56E13D62905876A47F18E2C1D1B5A6C6565159719E7E65267A58BD49011F69C18E4FD1B7D470469C479F68BDD4DA5826F96979C5CD7BD3FD3149594D5D025453C81D1BEB07B0FE695F5F4D6DA769E76D178003E3331E407338B8DC6A6E93F969CE8A35F27103AAA03ED2799F373D66E6CBB4A94742E3F0A552128788A78B9CA7B5B92639B333333331677624B312752493BC9277938A0CD74F93F2B50DBADD1A545E2AC355D4B36F8A98CFBD03FCE70800098ABAAABB8554B595B55254D4C9F1E590EA48EC1C801C80000F32D57C4B2149A86CD46F5C3856566D5414FD5460AA278F1C55679CE558499330CF183CA048E1FB5575C497ABECC4996FF737F1AB97EE385B95D54EAB78B803DA2AE51FCD88334668A520C3996E23B9E6328FAA4DAC5174999AA97415068EB97B2687C93FA9A22316BE946C356425C69A7B6BFCF6F8783D6E8011882682AA08EA29A78E781C6A92C4C1D1BC082479B6EB8D4DAE7F2D01D55B4F29113A2B81EC2391C5BEE14D72A659E06F475D194EE653CC3778FCCAB2AE0A1A792A277D1107893DC3BF171B8CF74A933CDE8A8D4451EBA8453ED2799F32AEB60A3F79895B435355152C43B5E5D481EA009C5555D3D0525556D4B6CD3D342F34A7B1506A7170B8D55E2BEB2E5567E1EAA42EC3920E0A83B900007B9DC001D65AAEB73B1CE6A2D75B2533B105D4686393B9D0EA1B196BA45B7DD9A2A3BAAA505736E47D7FA3CC7B158EF46EC56C10549041047996EB8CF6BA913C3E903A0963D740EA3EF1C8E28EAE0AEA68EA207DA8DC7AC771EFFCC19822B33300A06A49C5EEECD76A9F40914B112215F9C7E79FBBCDE936F52DB6BF280875634950D7264F9C62608A3FEEC74977584E55A45A5943C576A8876187CA814797EBA8E2B5CAC457DCAA6997918690549FB5D316BCB7D1DDC4AC6B9E2ACCC78472A4746DF54A989BA23B132102ED7350C38B791707F83197ECD74B14228E6BF1B8D122E9009E1D89E1EC50E18864F1E1E6D92ECD69A9F4CEB4B211E557E69F9E3EFC2B07019482A46A08E7D7E6BBAE9FECD85B7B006A08E4A782FAF9F9DD29396CD34CBC92D707F14921C4D5F573DBEDD6F965DBA7A279DA981E282720B2F802351D7B2AB021941078823518B2E63BE65E65FC1B7074879D34BF0B037EC1E1E2B8CB19FAD97F78A8EA5050DC9B72C4CDAC531FF09FB7E89DF82391DC7CDCA775075B6CEDBC0D69D8F351C57D5D75D2BD2DB45354B0D4AEE45F9CC780C33492BBC9236D48EC5DDBB49F3BA5680A660B5CFCA6B685F5C32B7DCF8556721554B1209000D490012770EC0300820107507CC67441ABB051DA48185A881CE892873D89E97B30239CF0A5A923B441211ECC3BAC5FD62BC7FE7464F68185A881CE8B3464F60604F50CAACA430041C640AABE56E5CA7A8BB4BE50339F79CAFAF9578070693B7E89ECF355A489D248DB664460E8DD8462D75F1DCA861A950016DCEBF358711D6E69B87BEEBC52A1F82A6E3DF21FF41E7F4A96E35164A0B8A0DF4155A49DD154809F630188AAAA686782B29582D4D348934248D407888618CE56482D371A3ADA08CAD9EF54AB70B70E51AC8033C1E31138774452CEC140E249D062C1D1C66ECC291CF1502D0D1B70AAAE2620C3B51002ED8B5F42D972942B5D6E95B71939A4645243FC3B4F8A0C9B93AD7F91656B6A30E0EF089DFF007E5DB3889DA050B085897908D4201EA5031EF9A9FEF127EF1C1A9A823433311D84EB8ABB559EE1F97596DF53FAEA58DFDAB8AEE8BF2157063F8005239F974534907D4A095C5CBA1084876B3666913B22AF8438FDF87178E8EF3A58C3BD4591EA605E35142DEFA4F12AA038F5AE15D24D7658120E847307B08E47CCC979464CCD57EF8AA465B440FA4CDC0D438FEC53F9CE0050155542AA801540000006800038003CECAB711495FEF693FAAA9E1DD28FF51D65C6B16DF45555277F934240ED6E007ACE35662CCEC59D896763C4927527CEB955555150D454D25B9AB65886D9A74708EEA3E36C12082C390E783D23E4EBE505550DC20B85353D5C0D0C85A112801F983113C3057619904CB28462A255040700E818020100E2C565933D7449496CA76896E569B94B1D24B312AABA387D963D86293194FA38CBF95BC9553A8B8DD17FF593A6E8CFF811F04F1DED8666624B3124F124EA7A9566520AB107910742317ECA796B336AD76B3C32CDCAAA3D61A81E1226F3E0717FE866EB481E6CBD5E2E317F74A82B0D48EE56DC8F8A886A28EA64A4ACA6969AAA3DCF04C863917C55803823504628BA4EBEDBA9A280DBAD4D4D020548D21780228ECD86C5A2AAE15B6DA5A9B85B9686A665DB6A612190A03BC06240D1BB479DAB2956462AEA43230E2083A838B7562DC28696A57FB440587630DC47A88EAF38D5FE4744BCC999FC1772F9E09041048231D2365A5B557ADDE9220B455D2113A0E11549DFEA593DCE83AA0B50E6EA4E495747381FAD8D93F93AEE9CA7FE899421201679EB1F6B9858D114007C5FDCE8E72D2DD6BDAEF57106A2A1900810F096A46FF5AC782492492493E7E4EABFCB2898F02268FC1B737577AA935776AE93E4ABF925F08F77B7A8B9DB29AF36EADB6D58F81A98CA13CD0F1571DEA40231534B534155554554A16A29A678650386D21D091DC71D06FE539CBF5141FF007CBD774E5F94E4DFD457FF00DF1629A96A6BEAA968A95435454CC90C40F0DA73A027B862D96DA6B35BA8ADB4BAF91A68C2293C5CF1673DEC4927A8B2549A3BBD0CBF259FC937849BBDBD555CEB4D4D515078451339FD91AE136B64163AB11A9EF2779EA7A53B4FBDAE941768D744AE8CC33FEBA0F8A7C5931D0743A52E6FA9E4F514507EE23BFF00375DD38C24D2E50A9F99515B07EFA23FF2E3A2CB57BE6E970BB48BAA50C62187F5D3FC63E2A9D4BED6C92A7460351DC46F18A59D6A69A9E75E12C4AE3F686BD4E6793C9592B39193623FDE603A9A1A28248165950B17274049000074C749160A7B864BBDBC10115142AB5D1007FBB9D5FEB4271D0928FC54BCC9CDEF4FF52C11F5DD36A8FC54B349CD2F49F5341263A37B053DBF25D95E78099EB91ABA504FF783AA7D48062BA8A18E0696242A508D40248209D3A9CAF2096C949BF7C65E33FB2C47539C9C0A0A341C5AA47D8AC7A9B6B07A451CD1D94FB463662936A39943432294954F028E08607C41C744D6F96C7439CAC339264B6DFDE3EF6468542378305EBBA59B7CB7CA1C9B61809125CAFE91F7AA2C2C1DBC143636628F6638542C31A848947008800503C00C5C9825230E6EEAA3DA7A9C9920F7856210095A93F6AA9EA73A11B36A1DAF31FA80EA6DB388A731B1D1650003D8C387B90D10A2CD972AB44023BC5BA0329FF99B7B14FADA293F87AE9A8856E6CB6D5BA031D9EDD3988FFCCDC1827D6B147FC5EE5CA712CE2353AAC40827B58F1EA72591B3751D8F11FAC1EA73CA8596D20764DFCBD49C515709808A660251B831DC1FFF00382A095D546AA491AF104823AE0A016D146AC413A712400315B5C21062858194EE2C3784FF00CE075391982CB7627B21FE6EA73A01B36A3D8F28FAC0EA88078E21B854C000DA12201B95F791E070AC1D55D77865047811AF58CC1159C9D02A927C00D7135C2A675236846A46F54DC4F89C00070EAB25EE5BA1ED7847D40F539CE31EF0A370412B523ED561D65B25F294C63277C474FD93BC7597397C9D388C1DF29D3F646F3D664C402DF572737A920782AA8EA733C7E56C959B86B1EC483F6581EB28E714D3AB93E81F45FC0E08EA80C564E2A67671F107A29E03ACCAF188ACB47AF1936E43FB4C4F535502D55354C0784B1321FDA1A6136B64061A301A1EE2371EB2DB53E51040E7D341E813CD472F11D55CAA7C9A1810FA6E3D323929E5E27AC7DAD92146AC4683BC9DC314B02D2D353C0384512A0FD91A7557BA634777AE8BE4B3F955F0937FB7AC0595832B10CA410471046292A92AA327709140DB5FBC771EA2AEA9696307719181D853ED3DC304B33166625989249E249EB2CB4C6AEED431FC957F2ADE11EFF6F579C693F23AD51C09864F06DEBD54D3434D0C93CF2C70C318D5E5918222F792480316CCC797EF52B436DBDD2544CA4830AC8049EA46D091DF82ACA742A41EC2316F89A4352C87491426C1EFD4EA0E29EA167DC46CC838A79D5150B00D340D21E0BF79C54B33C8AEEDAB1075380ACC740A49EC03173CC797ECB2AC171BD52534CC4010B480C9EB45D481DF886686A618E78258E68641AA4B1B0746EF04120F5593A93F2CAD6E64429E0BBDBABB8D1ADC286AA99BFB44214F630DE0FA8E34652CAEA55D495753C4107423A8CD39B2832BD3A175F2F5B32934F4A0E85BE9B9F9283178BD5D730D409EE75465D924C708F4618BB913EF3A9C5CE852B23590461A688123B48E24038B367ECE16408B4B7D9668070A7ACFE931F80DBF497D471D1566CABCE166BB5655D0434D2D3D6474E4C2CC524F436C901B7AE2B2023E1E3D411BDC0E23E90C435C3402607FCE0611E3906A8EADE071B2DD98778E31ABBAAF89C4D5C3422107FCE4609E2492493A92789C748D9B6AF275A2DD57496F86A65AAAB7814CCEC1232136C12177B62F39FB385EC3AD55F658603C69E8FF00A347E0763D26F59C5B28529222E630B348016ED038804F69E27167BD5D72F5419ED95462DA20C909F4A197B9D3EF1A1C656CD9419A29DCA2F90AD8541A8A52752BF4D0FCA43D468CC55514B3B10A8A38924E8062DD46B6FA2A5A65FECD0027B5B893EB3D666AB70A4AFF007CC7FD554F1EE947FA8F3EFF007BA6CBD69A9B8D42EDEC68B14438CB2B6E541F79E4315B5B5773ADA9AFAD98CB533B6D48FF006055EC551B80F73BF172A411319D0691B9F480F92C7EE38E80A2F2791AE32739EFB527D491C69818AAA5F27AC910F438951F27BC6341B8E37F69FACE000397BBD3745B792A825E705EE98FAA58E44C5B693CAB09E45D6343E803F29873F01827DCA2ADABB656D357D14C62A981B6A37FB0AB76AB0DC462C17BA6CC569A6B8D3AEC6DEA92C5CE29577321FB8F31E7E56B7FBEEBCD538F82A6E1DF21FF0041D6DD2823B950CD4CC402DBD1BE6B0E070CB244EF1C8BB32231475EC23CDADCC7414A592126A651CA3236478B63387E12CC894B202AA694B98E994EE62FCF53C5C6399041041208234208E2083C08F75955D591D4156041079838E85DE89723C7454F501E7A4AFAB3549C190CCE5909EE65F701C545106D5E1001E253803E182082410411C411A11EE9C74B694A724C94D53388A6ABAEA53491FCB94C2FB4E54762AE1555155114055000038003DDE600049240000D492780007127193FF0965B4AA9095635450C94CC77294E7A8E0E714598E82A8AA4C4D34A794846C9F06F3511E4748E35DA91D82A2F6938B5D0A5B28A1A6520951ABB7CE63C4F5D9B2D40E972817781A5428E6A3837ABDDADADA7B7C0D34EFB2A3B37963C80C5C6F159732CAC4C54FCA153C47D3238E00000000007B978B24771D6784AC7560713B96403937DC712472C32BC52C6D1C88746461A107DDCB9986E1956F105D683D32A362A29C9D16A613BDA36F6A9E47168BBDBAFD6CA4BA5B663252D429284EE6461B991C7275E7EEBC71CA009103761E630D4111F8B23AF76E3816F8F9CCC7C0018B9D6D9F2E5B6AAEB706F274D4CA0B31F49D98EE544078BB1E03199330DC3355E27BAD7FA2586C53D383AAD3C237AC6BED63CCFBB1C72CF2A45146D248E745451A927167B1C76ED2798892AB911BD6307927DE7DC20104100838B75E2B2D855549969F9C2C780FA04F0C5156D3DC2059A07DA53DBB8A9E60FBB952D447FB4A65DEC0AD38EC53C5FD7CBAF650EACAC01523420E2F7696B4D4FA035A5909F24DF34FCC3F76249238639259182A229662780006A4E2BEBA4B9D499E4D420D44319F90A7EF3CFCDB95AA9AE718594149177472A8F497B8F68C5750555BA51154A00189D8906F4703B3DDC8D9CE7C99727670F2DA6A9945753AF11D93C5F4D7F88629EA29EAE9A9EAA92A127A69E35921950EAAE8C350479951514F494D515557509053411B4934AE7454451A92719E339CF9CEE48C81E2B4D2B30A1A76E27B6797E9B7F08F768682AAE3298A99010A46DC8772203DB8B6DAA9AD9195881791B7492B0F49BB8760F3682BA4B65489E3D4A1D04D18F96A3EF1CB11C91CD1C72C6C191D43291C0823507164B4B5DAA4ED8D296323CAB7CE3C7607DF8555450AA005034006E000FCC2B2920AEA7929E74DA8DC7AC778EFC67BA6A8B3451D04ADA8A993D093E7C69E91FB81F3E7821A989A19E259236E2AC3507173CBB3D26D4B47B53C03794E3220FE6180411A83A8F73A3CCFAD94EA0DBEE4ECD639DCB1E2C68E46E32A76C67E5AE015744747574750E8E8432BAB0D43291B88237823DC25511DDDD51114BBBB90AA8AA352CC4EE000DE49C74879F5B36540B75B5D96C74EE181DEA6B245E12BF6463E42FB84803527418B665D9EAF665ACDA8203BC27091C7F28C410434D12C3044B1C6BC15468079F9129AA2F30C94111D0534BE9C9F3237F486292920A1A78E081366341A0ED3DE7BFF32BED8ADF986824A1AE88943BD1D4E8F1B8E0E879118BFD82E396ABFDE75ABB48FAFBDEA00D12655F638F94BD45CAC549702D2AFC0547E9146E63F4D715D6FACB7301530E8A4E8B2AEF46F03EE7475D211CB4D1D9EEF296B2BB7C0CDC4D0B37B613CFE6E355D8F29E513C9EC6DF95DA1B1B1A6BB7B5C3674E78E917A423995A5B35A252B6546F869B81AE65F642397CEF7286DF59716229A1D541D1A56DC8BE2716DB1525BCACADF0F51FA461B94FD05EA2C160B8E65AEF7A510D944D3DF152C094854FB5CF25C58AC56FCBB411D0D0C7A20F49DDB7BC8E78BB9E64FE6975B4DBEF7452D0D7D3ACB03F23C41E4C0F22319A7265CB2BBB4DE9D4DB4EF4A9D37C7CB66603877370EA1D55D591D43230D19580208EC20E2BB2BC326D3D0C8216FD1392633E1C4AE2AA92A68A411D540D193C09DEADE0C371C7E315F3F177F16FF08C9F827CAEDF90FA3FA2DAFD16BBF6314B49535B218E9606908E246E55F163B862872BC31ECBD748266FD1212231E3C0B611551551142A28D15540000EC0075195B265CB343ACDE953DB41F4EA79C9F461078F7B62D569B7D928A2A2A0A758A08F801C49E6CC7993CCFE6CE892A323A0646043291A820F238CCDD169264ACCBBB2878B50BB6887F54C7E2F81DD89639A9E7929EA609209E3DD2432A9475D7B8F23C8F512224B1B47222BA371460083E20E3F16ED3E5BCAF919367F43B67C9FFAE23448A358E345445E08A0003C00EA228E6A89E3A7A68249E7937470C4A5DDB4EE1C87338CB1D17E852AF316CB9E2B4087541FAD3F2FC38611122454450A8A0055034000E43F39BEE5BB3E63804771A357651F072AFA3247DE8C378C5F7A32BE5B4BCD6B6372A61BF6372D428F0DCAF86DA8E5921911A39A3243C4EA51D08E4558023AE5DA9258E18D1A49A4202448A5DDC9E4154127162E8CAF973292DCDBF06D37129B9EA1C786F54C58F2D59F2E4062B751AA330F8494FA52C9DEEC779FCF6EF60B2DFA211DCAD90D469F11D810EBFE575D197174E8875DB92CD7665FF06B06DAFEFAEF18B864ECD56B24CF649A44FD252E950A7D49E97D98F2B1ED98CB05707428DE8B0F107A8F2B19758C306727408BE931F003538B764ECD5742BE42C934687FB4AAD29D7EA7F48FA862D9D11707BCDDCBF6C1463617D6EDA938B4E5EB358A331DB6DD0D3EBB99D46AEDFE676D58FF00B8ABAD96EB8A04AEB7D354A8E0B344B20FE207153D1B64DA9D48B4F906238C134917D80E989BA20B095261BBDCA33D8CD1B8FB5312F43683FAACD3278352AB7B1860F438FF00F15FFF0083FF00F4C47D0DA680CD9A24F04A555F6B1C45D10D8540335DEE32B7734683EC4C52F46D93A9F42D69F2EC39CF2C92FD8CDA628AD96EB7294A2B7D3D329E22189631FC23FEA3FF00FFC4004711000201020206050808010A0700000000010203040500110612202122311041516171131423324272819130526282A1B1C1D2A2153344505392B2B3D1E10740438393A3E2FFDA0008010201013F00FEB59658A14324B22A20E6CC4003E27157A5D6AA7CC445EA1BEC0C97E6713E9AD73FF31490C63ED92FFB70FA537B7E554A9EEC6BFA8381A4D7D1FD3C9FFB71FEDC47A5F7743C5E464F793F6918A6D368C902AA8597ED46C1BF039628AF16DB86429EA94BFD43C2FF0023F4C4E58BB696C14C5A1A1559A4E4643EA2FEEC55D755D7C9E52A67691BAB3E43C07218556760AAA5989C80033270410483CC6151DCE48A58F6019E0D3D428CDA0900EF52362D9A515F42552626A21EC73C63C1B16FB9D1DCE2F294D2E797AC87732F88FA39658E18DE591C2A20CD98EE0062F9A472DC8B414E4C74BF2693C7BBBBA29E9E5AA9921897366F90EF386A0F32A4315226BD4CDC064E4403CCF70C51D8E969C069809A4EFF0054780C2808A154055EC1B862735EDC34CB147F6E4249F805CFF1C4F64ACAA6D79EE01DBBD71268ED628CD2589FBB320E2A292A69481342C99F22791F023A29AA67A399268252922F223F23DA3163BF43768FC9B811D4A8E24EA61DABF424E58D23BE9B94C69E06CA9633FF0091875F8767450D31ABA94847B41BF004E347E984704B3B2F1BB151DCABFEFB753510C48C258DDD0FAC044CCBF1DD962B96D8F9C9473953D7132B7F09E88A5960963962729221CD587307163BC25DA9758E4B3C790953F51DC7E834B6EC69A05A185B29265CE423AA3ECFBDD361205C17BE360301554640003327E24E67A723D98C8F66C56DB296B43164D593AA45E7F1EDC544269E69612EAC518A92BCB7745B2E12DB2B22A94CC81B9D7EB21E6310CD1CF1472C6C191D4329ED076A595218E49646C9114B31EC0066715D57257D5CF53273918903B0750F80E9B6C554B3C5550C2D22C6E35C2EF6C8F3DDCF960B0037F2279E1E703728CFBCE0C8EDCD8F4024604B20F689F1DF859C1F5972EF180430CD4838ADF3C3015A455F28DBB589C8AF877E1D4A332B6598241C883F88E9D0DB819209E85CEF8B8E3F71B98F81DAD2EABF37B5F9153C550E13EE8E23B16EAD6A2A9493D83C320ED5C4841898820820107B413B70FF00383E3F962F75A69A9C448D9493663C17ACEC592ACD15D68E6CF252E11FDD7E13B5A69397AEA483AA384BFC5CFF00F3B14B4B2D5CBE4E3C81C8B127900314692C540914CCA593841539EE0776DC3BA45C5DE8AAA69EA2A7590A20DCB99CC2AEC1C504E6AA8A9273CE5851CF8B0CF674A5F5EF7543EA2C6BFC20FEBB16B9843589AC72570509F1E5F8E148D4914F5804788DB8D82BEB1EA04E2E730868E6DFC4E3507DEE7F86CE8D3EBD9280F62B2FF7588D9D26195F6BFC63FF002D7668EF1A8A12A413972906F3F118041008DAABAE868C2EB825981D5518ABAB96B240EFB80F5547203674586562A2F197FCC6D9D2F88A5DF5BAA4851BF35FD36AD55027A555278E2E13E1D476AE3502A6A9D94E68BC2BE036AC7198AD16E53CCC2AC7EF716CE9B53131D0D501EAB346DF7B78FCB6A8EA9E9265906F1C997B46239126459236D6561983B175AE1121A78DBD230C988F641FD4ED4103D4CF0C09EB4AEA83C58E584458D151464AA0003B86CDE28BF942DB554E071B2E69EFAEF1B368D1DA9B9A899DBC8D3F5391996F7462AB431B7B51D603F625197F12E28E925A2A74A69942C885B58020F36271911D017B70FA375B72AB967478E2818AE4CC73272500E40627D0C5107A0AD2671F5D7246F966462A29E7A499E09E329221C994EC688D179C5C8D4B0E0A65CFEFB6E1B7A516C3435E6645F43504B8EE7F687413962C7A01A437254AC9AD734542BC6C5F81E451D488788E785554555550AAA00000C8003ABA2B493575198CB8CE0374DB09F35FBEDD172D15ACD268F2A08035540330C48552A7D824FE18B9DA2E766A8F36B8D0CB4D2F52C8B906EF53C98778E80092000493C80C58ADBFC996F8A261E95F8E5F78F57C36EE76F8AE74725349BB3DE8DF5587238A8A59E9AA5E9A58C8955B57540CC927965DB9F56341BFE1DD1D8A082BEE50A4D74601C06E24A6EE5FB7DADD17DD194AC2F534602547364E4B27FA1C491C90C8F1CB1B23A9C995864462BE8FCE135D07A551FDE1D98208C024628E95EAA4C892235F59BF4C2AAA2855192819018B3D8AAAECE1B7C74E0F14A7AFB97B4E28A869ADF02C14F18541F327B49EB38B9DAADF79A4928EE14893C0FCD1C723DAA7983DE31A71A1D3689DC1046ED2D054EB1A695B98CB9A3F78C68A598CD2ADC275F4687D083ED30F6BC07D0C1436E6BCDA2E35511268E75938799D5DE33F03BF114B14F1A4B13878DC66AC3911D374B2D15D932997565038255F587FA8C5CEC75D6B62654D787AA641C3F1ECC57D0F95CE68871FB4BF5BFDF14B4B25549AABB947ACDD98A6A53E8E9E9E26663B9554664E2D1A23EACD723DE2053FE3384448D551142A8190006400E9D3F8ADB73B6C76CA825A513C73285E69ABDBE2091844489151142A2801540C8003E8AD37AAAB4BE4BE92063C7113F88EC38A0B9D1DCA3D7A7973207121DCEBE23A59430208CC1E63172D11A2AACE4A56F3793B00CD0FC3AB145A1752646F3A9A38A3D6FF00A5C4CDF3000C505AE8ADA9AB4D085279B7366F127A4900124E400CC9C5E34A63843C16F60F272337355F77B4E1DDE4767772CEC732C4E649FA48A596091648A46475E4CA7223141A5F344152BA1F2ABFDA264AFF0011C8E292F56CADCBC9562063EC39D46F936CCD3C34CBAF3CC912F6BB05FCF15BA596EA7CD69C3543F770A7CCE2E37BB85CB35965D58BFB24DCBF1EDFF9182B6B69B741573443B11CA8C26915E9395731F7955BF3183A4D7B3FD37FF547FB712DEEEF2EE6B8CC0762B6A7F872C3333B16762CC7992733FD71FFC400401100020102030307080707050000000000010203041100053112202106101322415171303252618191B1D11423337282A1C115355092A2B2E14044546263FFDA0008010301013F00FE2A88F2305442CC74005CE20C8AB65E326CC43FEC6E7DC3117276987DAD448FF76CBF3C2E4996AEB016F176FD08C7EC6CB3FE2FF5BFCF0F9050369D227837CC1C4DC9C71730D483EA716FCC5F15141594BC658182FA438AFBC797A1C8A59AD254931A7620F38FCB1052C14A9B30C41076DB53E270CC145C9B0C03717182EA35618E913D218041E7ACC9696A6ED181149DEA3AA7C462AA8EA28DF6264B5F461A1F03E4D11E4754452CCC6C00D4E32CCA23A40B2CB679FDE13C3D7CD248235B9C190BB82E787761E777D0D8770E616BF1048C24EB1F9B1DB02AD7B50E1258DF46E69A18AA2368E540C87507199659250B6D2DDA163C1BB47A8F92CA32C149189655FAF61FC83BBC79A6731A5C6B8A87DB71DC06F81736BE2269410196E0F6F3491A4A8C8EA19185883DB8CCA81E826B71313F146FD0FAC790C8A844D29A9917A919B20EF6FF001CF55F663C7C8A48E8781F66237DB50D6B7356D2256D3BC2DA9E2A7B986871223C4EE8EB6652411EB1BC88D23A228BB31000EF2714B0252C11429A20B5FBCF69E79DD0AB21363A8C4ADD198DBB2FB2DE070F524F041ED382CEDE73938D95F44600034181248BA48DF1F8E16A5879CB7F0C2488FE6B61766E36B4C2105411A73F282942491D4A8E0FD57FBC34DEC8A0E96B76C8E11296F6E837278F6D3D634C547189BD9F1DF845E68FDBF0C411EDBF1D06BB99941F49A2A88EDC767697C578EF72762B534F2FA7205FE51FE77279D29D36DEF6BD80189E5495242970368703EFDF8BED63F1C535640184566DA66B5EDC2FA6ED4C5D0D4D445E848CBEE3BB922ECE5B01F48B1FCC8DCAF88CB4ED6D54ED7BB172030EFB7E5BE18AB061D98A188C9511F721DA3ECDDCDD76732AA1EB53EF5077726FDD94BF8FFBCEED465A598BC040BEA87F4DFA7A592A49D9B00352714F4E94C9B2BC49D5BBF773AFDE753F83FB06EE40FB5416F42461F03BD5F0F453920755FAC3F5DEA387A181548EB1EB3789DECC9F6EBEACFF00E847F2F0DDE4E4D67A9849D4071ECE077AA605A888A1E07553DC70E8D1B3238B30D46E505299184CE3A8A7AA3BCEF4B22C31C923688A58FB05F0C4B31626E49B9DDA0A9FA2564129F34359BEE9E0776BF378A9098D17A497B4760F1C41CA12384F07E24F91C4F509532BCD1DCAB5BE1CE4E1338828E9D2228CF20BDC0D389C45CA193A4FAC807467B8F1188278AA23592260CA7733EA9E8A8C440F5A56B7E11C4EFE4B59F49A511B1FAC86CA7D6BD879F33E56E514A4D3455A8F504ECDD7AC887BD9870C1249249B93C49E6A6FB08F0473D55BA63C7B073536794F92B86A9948865362A05CDFD200628332A1CCE2E968EA5264EDD93C4788D4731207138CCEB3E9B54EE0F517AA9E037E8EADE8AA1264E36E0C3BC1D4623A8865804EAE3A32BB573C2DE38E52F2B2A736965A7A591A2A106DC38197D6DEAEE1CD95E74D4A160A8BB41A29D4A7CC612449515E370C8C2E181B838A79FA26B1F34EB8041008E6A89844B61E71D304DC927198E6B050295E0F391C13BBD6D8A8A89AAA569667DA73F90EE18A4ACAAA09D2A296768A55D194FE47BC6392FCA24CF695C48A12AE1B0954686FA32E33CCC446869226EBB0FAC23B17BBDBE4679EACE5B5F4703802A232BC7B2FADBC470C491BC4EC8EA55D4D883CF4398D4D03DE26BA13D68DBCD3F238A1CD296BC008DB12F6C6DAFB3BF14F51D190ADE69FCB134EB12DF5274189665557965902A8D598D80C661CA026F1510B0D0CA471FC23049625989249B927893CFC95359495A6B6100208DE324E8DB5DDE0461999D999989626E49F2598659057AF1EACA0755C7C0F78C55D154513ECCC961D8C38A9F03B9479FD541659FEBD3D66CE3DBDB8A9E5242107D1E166723593805F76B8AAACA9AC7DA9E52D6D0680780E70092001727197644F21596AC154D447A31F1EEC2AAA285550140B003801E5248D25429220653A822E3157C9E8DEED4B26C1F41B8AFBF5189F2DAEA6BF494ED6F497AC3F2DD8E2926368A3673DCA09C536435931065D9857D7D66F70C51E594945631A6D3FA6DC4FFA196969A7FB58237FBCA0E1B27CB5B5A51EC661F0381926583FDB7F5BFCF099665F1F11491FB46D7C70AAAA0050001D83F8C7FFD9);
INSERT INTO `files` VALUES (2, 'testUpload.jpg', 'image/jpeg', 0xFFD8FFE000104A46494600010100000100010000FFDB0084000505050505050506060508080708080B0A09090A0B110C0D0C0D0C111A1013101013101A171B1615161B1729201C1C20292F2725272F393333394744475D5D7D010505050505050506060508080708080B0A09090A0B110C0D0C0D0C111A1013101013101A171B1615161B1729201C1C20292F2725272F393333394744475D5D7DFFC20011080168016803012200021101031101FFC4003600010002020301000000000000000000000006070405020308010101000203010101000000000000000000000506030407020108FFDA000C03010002100310000000F65800000000000000000000000000000000000000000000000000000000000000000000000000000006063F59E82C72B5316AEA2ACE55F95B071A0E8EDB9DF083BC7AB0F3AAE6D60BA7BE8DDB4C47DB8834AAD10D9E24F4C00000000000000000070F8E7AE8BC269D6092468A05A0606B67CF63E4072D5FDF9B247F2FDFCDAB971C5E81F4092CEAA0FB6586BBD069B746A973121AA00000000000000C0F1EBB2B2C4C2E5D740AC4D08166C680D71675BA3AE1A86B6E8FBF7375DD89AC5C65F8197A8B6EC1F25F4C36CFADFE796645A793D08AD6C588D8ED1AF91B8D3B3E2B972E9DB57A9D27345862800000000001C3E31EA7CAD472CBB0562698997526DE2B4FCA376D0F64D20B0EB80000000CEF93BD5FB33B1EAE965377A4822F6D9D82C9E2E5CBA9ED5EB942E626E3C0000000010594D434DB07C1CDAE00282BF68899D580E1FDE3768FFA3E871393A327EB8B8703B87C00E3C86EAECF3CF18FC9EC4F90A9AD164C30FB4DE11F64352EF6BF61D9F9E864F00000003031FA81C68E25D1C357380AC67F5EC96AD25288A5E97E8AA26757CD8187053D3C923060E5DBD0F1E3BB559E7D8141EF564F7E42847BD23D97378C172D3D9B67AE670BB03532FA07EEB765CF6543CFB024D6551F70F44A9678BBD70000001059D545569AD60E5B76000FB41DF783BD83C99E80A12EDBF435FC34F44000000051D78D0397251B6357DEADD096D87C293280009B427672BA36E8ECDCF40000031E95B4EAEE6D6F0A6D840006DF630F9DA5D2FD2DDE0EDE1F74C000000051979D4393DD79796AE575E97D40AE4A00038F27C5D191A0DFF71E6C1B780000088D7B3983725BD057A58001208FEC2474A4154DAB1FB957A403C000000005576A47FDA43AFCFD046ED6BC53AC800005852E83CE3AFD0427234000084C167107E437C08294000037DB088664F44C91C795861C3E8000001F3E4774F6367A1F9F6AB3E1AB9C00009D4DA0F38EB7430B0458000111AF6D1ABB965D82AF34000001BED8C664D6EAE84969800000F9AED0E4E3532CA1A5B4000001614BB41BFECDCF0257480000E8A52F2A8A8965D60E7F6B0000006F346DAD797B172AE75B0F7E4001ACC98D42C9056670000001C796CF2E3B5720EE9CD03D7C00001059D60466E53C38BF4400001D719F3E5861BD27BBF16674C687B536F5C4F9E762D767E7C5C9F783EF2C7C6D77AF3D3D30CF36C76EFAAB6DE3192EDE0F56A2B2AA4D9030E60004DA1370DAA0F3C751A5800000015AC66E0A8394DDFE0AD4C87C34D8F58DEEA75BE3179AFB43BEF9EBE7A16EBAA6D6A9CC6AF0247AFC1975BF3EBDF902A2F38FA97CEF618CFA37F5F27D3DE58B463366EF47A43CBAEC11DBC3EBE492CBD76C7B15002663C000000041A73C23F6A926E347C72FFD15E74627E96E2E1D4A99A0805BDADA7582B16661F38B9EEFD87E219A45ED7AEDD5DB5B96E1899C3031B67E49DDD7D3E8CB34539E4D853B1587BE3AA515B2D6B1FAB572EAAB47F2B770EC9B686D4F19BB0747A9000000000018940FA274D89E486E74DDDB98064F007541E7A88DFA7D62C1B995D679EA6F08DA5529CF4E3EF98A277716B7665AE1B0E4722DDDFAA9D5DA5F2AE1EBE00B1A25E9DE7D6BCFCB291680F7F00000000000035BE6EF51F5CC46F8CD73D37D3695C0486A00F9F5F3EC56216CF1A94ED77AC9DEF20E4A2F29FABCD642475401CFE7DE12D9D5CB4DB1606CCE7F6D0F3E8000000000000001A1DF3278F3A575ED0D35BEBDE485CF5E5BABF1B75F64A68800007093E2C91B5CD6856E628EBB37EA4D98226400000000000000000000000C288CEDB582ABD75CA91D3A57B2E67BF3556EA76D5CF839C46EE879FA000000000000000000000000000000000000000000000000000000000000000000000000000000001FFFC400521000020102030405050A0A070704030000010203040500061112213141073051617113202281B11014233242526291A1C11516344053738292A2C2243343546372D12550566470B2E144559394A4E2E3FFDA0008010100013F00FF00A8D51554D4C359EA228876BB85F6E25CCF658B51EFDF287B23467F60C3E72A00004A3AA6F10A3DAD839D17E4DA9CF8CC07B01C7E3DCDFF00B4AFFF0037FF00AE067453F1AD4E3C2607DA0623CE94007A5475487C15BD8710E67B24A37D679363C0488CBF592314F554D523582A229476A386F67FB8AB2E54340A1AA6A523D78027563E006F38ABCE5A1228A8B6BE9CDB87EE8C54DF2EF57AF94AF755F9917C18FB37E365768B15D49E24EF27D67A8D95DA0C17423811B88F58C52DF2EF47BA2AF765F992FC2AFDBBF1499CB82D6D169FE2427687AD4E28EE5455EA4D354A49A7100E8C3C41DE3F3DAFBA515B536AA670A4FC54E2CDE0315F9A6BAAB54A51EF68BB78C87EE183AB3B3B316763AB3B12493DE4F5C355757562AEA7557524107B88C5BF34D7D2909543DF3176F0907DC714173A2B926D534C1881E921DCCBE23F39665452CC4050379C5D735EF686DBA31E06A08D547F9073F1E1876791DA491D9E46F8CEC4927CCB9DD2DD65A47ACB9D7454B4EBF2E43C48E4A06F63DC314D3FBE69E19FC8CB1091038499761C03F39791EE3EE04761A85247338A8BD5968C95AABD50427987A98C11F6E3F1BB29FF00C4F6CFFEC2E20BED86A8814F7EB74A4F24AA8C9F6E3618A860A4A9E046F1E7A33C6EB246EC922FC57524118B566CD4AC3720AA780A851A29FF0038E5E3C30ACAEA19482A46E3F9B55D6535040F3D4481117ED3D83B4E2ED7BA9BB314DF152F28B9B77BFF00A79B9BB3CD2E5D2D454889557420131927C95383CE5239F626325DBEB337E6692F1799DEAD2DDB0E4C9BD4CCC498E355E0A8BBD8818BBDEED76380555D2B5604627601D5A4908E488352D8BBF4A771A82D15968528E2E53D4012CC7C13E22E2E173BA5D98B5C6E95557CF66590941E083451858A24F8B122F80030CCA8A4B1000E67166E8FEFF7D5495A8E3A2A56E13D62905876A47F18E2C1D1B5A6C6565159719E7E65267A58BD49011F69C18E4FD1B7D470469C479F68BDD4DA5826F96979C5CD7BD3FD3149594D5D025453C81D1BEB07B0FE695F5F4D6DA769E76D178003E3331E407338B8DC6A6E93F969CE8A35F27103AAA03ED2799F373D66E6CBB4A94742E3F0A552128788A78B9CA7B5B92639B333333331677624B312752493BC9277938A0CD74F93F2B50DBADD1A545E2AC355D4B36F8A98CFBD03FCE70800098ABAAABB8554B595B55254D4C9F1E590EA48EC1C801C80000F32D57C4B2149A86CD46F5C3856566D5414FD5460AA278F1C55679CE558499330CF183CA048E1FB5575C497ABECC4996FF737F1AB97EE385B95D54EAB78B803DA2AE51FCD88334668A520C3996E23B9E6328FAA4DAC5174999AA97415068EB97B2687C93FA9A22316BE946C356425C69A7B6BFCF6F8783D6E8011882682AA08EA29A78E781C6A92C4C1D1BC082479B6EB8D4DAE7F2D01D55B4F29113A2B81EC2391C5BEE14D72A659E06F475D194EE653CC3778FCCAB2AE0A1A792A277D1107893DC3BF171B8CF74A933CDE8A8D4451EBA8453ED2799F32AEB60A3F79895B435355152C43B5E5D481EA009C5555D3D0525556D4B6CD3D342F34A7B1506A7170B8D55E2BEB2E5567E1EAA42EC3920E0A83B900007B9DC001D65AAEB73B1CE6A2D75B2533B105D4686393B9D0EA1B196BA45B7DD9A2A3BAAA505736E47D7FA3CC7B158EF46EC56C10549041047996EB8CF6BA913C3E903A0963D740EA3EF1C8E28EAE0AEA68EA207DA8DC7AC771EFFCC19822B33300A06A49C5EEECD76A9F40914B112215F9C7E79FBBCDE936F52DB6BF280875634950D7264F9C62608A3FEEC74977584E55A45A5943C576A8876187CA814797EBA8E2B5CAC457DCAA6997918690549FB5D316BCB7D1DDC4AC6B9E2ACCC78472A4746DF54A989BA23B132102ED7350C38B791707F83197ECD74B14228E6BF1B8D122E9009E1D89E1EC50E18864F1E1E6D92ECD69A9F4CEB4B211E557E69F9E3EFC2B07019482A46A08E7D7E6BBAE9FECD85B7B006A08E4A782FAF9F9DD29396CD34CBC92D707F14921C4D5F573DBEDD6F965DBA7A279DA981E282720B2F802351D7B2AB021941078823518B2E63BE65E65FC1B7074879D34BF0B037EC1E1E2B8CB19FAD97F78A8EA5050DC9B72C4CDAC531FF09FB7E89DF82391DC7CDCA775075B6CEDBC0D69D8F351C57D5D75D2BD2DB45354B0D4AEE45F9CC780C33492BBC9236D48EC5DDBB49F3BA5680A660B5CFCA6B685F5C32B7DCF8556721554B1209000D490012770EC0300820107507CC67441ABB051DA48185A881CE892873D89E97B30239CF0A5A923B441211ECC3BAC5FD62BC7FE7464F68185A881CE8B3464F60604F50CAACA430041C640AABE56E5CA7A8BB4BE50339F79CAFAF9578070693B7E89ECF355A489D248DB664460E8DD8462D75F1DCA861A950016DCEBF358711D6E69B87BEEBC52A1F82A6E3DF21FF41E7F4A96E35164A0B8A0DF4155A49DD154809F630188AAAA686782B29582D4D348934248D407888618CE56482D371A3ADA08CAD9EF54AB70B70E51AC8033C1E31138774452CEC140E249D062C1D1C66ECC291CF1502D0D1B70AAAE2620C3B51002ED8B5F42D972942B5D6E95B71939A4645243FC3B4F8A0C9B93AD7F91656B6A30E0EF089DFF007E5DB3889DA050B085897908D4201EA5031EF9A9FEF127EF1C1A9A823433311D84EB8ABB559EE1F97596DF53FAEA58DFDAB8AEE8BF2157063F8005239F974534907D4A095C5CBA1084876B3666913B22AF8438FDF87178E8EF3A58C3BD4591EA605E35142DEFA4F12AA038F5AE15D24D7658120E847307B08E47CCC979464CCD57EF8AA465B440FA4CDC0D438FEC53F9CE0050155542AA801540000006800038003CECAB711495FEF693FAAA9E1DD28FF51D65C6B16DF45555277F934240ED6E007ACE35662CCEC59D896763C4927527CEB955555150D454D25B9AB65886D9A74708EEA3E36C12082C390E783D23E4EBE505550DC20B85353D5C0D0C85A112801F983113C3057619904CB28462A255040700E818020100E2C565933D7449496CA76896E569B94B1D24B312AABA387D963D86293194FA38CBF95BC9553A8B8DD17FF593A6E8CFF811F04F1DED8666624B3124F124EA7A9566520AB107910742317ECA796B336AD76B3C32CDCAAA3D61A81E1226F3E0717FE866EB481E6CBD5E2E317F74A82B0D48EE56DC8F8A886A28EA64A4ACA6969AAA3DCF04C863917C55803823504628BA4EBEDBA9A280DBAD4D4D020548D21780228ECD86C5A2AAE15B6DA5A9B85B9686A665DB6A612190A03BC06240D1BB479DAB2956462AEA43230E2083A838B7562DC28696A57FB440587630DC47A88EAF38D5FE4744BCC999FC1772F9E09041048231D2365A5B557ADDE9220B455D2113A0E11549DFEA593DCE83AA0B50E6EA4E495747381FAD8D93F93AEE9CA7FE899421201679EB1F6B9858D114007C5FDCE8E72D2DD6BDAEF57106A2A1900810F096A46FF5AC782492492493E7E4EABFCB2898F02268FC1B737577AA935776AE93E4ABF925F08F77B7A8B9DB29AF36EADB6D58F81A98CA13CD0F1571DEA40231534B534155554554A16A29A678650386D21D091DC71D06FE539CBF5141FF007CBD774E5F94E4DFD457FF00DF1629A96A6BEAA968A95435454CC90C40F0DA73A027B862D96DA6B35BA8ADB4BAF91A68C2293C5CF1673DEC4927A8B2549A3BBD0CBF259FC937849BBDBD555CEB4D4D515078451339FD91AE136B64163AB11A9EF2779EA7A53B4FBDAE941768D744AE8CC33FEBA0F8A7C5931D0743A52E6FA9E4F514507EE23BFF00375DD38C24D2E50A9F99515B07EFA23FF2E3A2CB57BE6E970BB48BAA50C62187F5D3FC63E2A9D4BED6C92A7460351DC46F18A59D6A69A9E75E12C4AE3F686BD4E6793C9592B39193623FDE603A9A1A28248165950B17274049000074C749160A7B864BBDBC10115142AB5D1007FBB9D5FEB4271D0928FC54BCC9CDEF4FF52C11F5DD36A8FC54B349CD2F49F5341263A37B053DBF25D95E78099EB91ABA504FF783AA7D48062BA8A18E0696242A508D40248209D3A9CAF2096C949BF7C65E33FB2C47539C9C0A0A341C5AA47D8AC7A9B6B07A451CD1D94FB463662936A39943432294954F028E08607C41C744D6F96C7439CAC339264B6DFDE3EF6468542378305EBBA59B7CB7CA1C9B61809125CAFE91F7AA2C2C1DBC143636628F6638542C31A848947008800503C00C5C9825230E6EEAA3DA7A9C9920F7856210095A93F6AA9EA73A11B36A1DAF31FA80EA6DB388A731B1D1650003D8C387B90D10A2CD972AB44023BC5BA0329FF99B7B14FADA293F87AE9A8856E6CB6D5BA031D9EDD3988FFCCDC1827D6B147FC5EE5CA712CE2353AAC40827B58F1EA72591B3751D8F11FAC1EA73CA8596D20764DFCBD49C515709808A660251B831DC1FFF00382A095D546AA491AF104823AE0A016D146AC413A712400315B5C21062858194EE2C3784FF00CE075391982CB7627B21FE6EA73A01B36A3D8F28FAC0EA88078E21B854C000DA12201B95F791E070AC1D55D77865047811AF58CC1159C9D02A927C00D7135C2A675236846A46F54DC4F89C00070EAB25EE5BA1ED7847D40F539CE31EF0A370412B523ED561D65B25F294C63277C474FD93BC7597397C9D388C1DF29D3F646F3D664C402DF572737A920782AA8EA733C7E56C959B86B1EC483F6581EB28E714D3AB93E81F45FC0E08EA80C564E2A67671F107A29E03ACCAF188ACB47AF1936E43FB4C4F535502D55354C0784B1321FDA1A6136B64061A301A1EE2371EB2DB53E51040E7D341E813CD472F11D55CAA7C9A1810FA6E3D323929E5E27AC7DAD92146AC4683BC9DC314B02D2D353C0384512A0FD91A7557BA634777AE8BE4B3F955F0937FB7AC0595832B10CA410471046292A92AA327709140DB5FBC771EA2AEA9696307719181D853ED3DC304B33166625989249E249EB2CB4C6AEED431FC957F2ADE11EFF6F579C693F23AD51C09864F06DEBD54D3434D0C93CF2C70C318D5E5918222F792480316CCC797EF52B436DBDD2544CA4830AC8049EA46D091DF82ACA742A41EC2316F89A4352C87491426C1EFD4EA0E29EA167DC46CC838A79D5150B00D340D21E0BF79C54B33C8AEEDAB1075380ACC740A49EC03173CC797ECB2AC171BD52534CC4010B480C9EB45D481DF886686A618E78258E68641AA4B1B0746EF04120F5593A93F2CAD6E64429E0BBDBABB8D1ADC286AA99BFB44214F630DE0FA8E34652CAEA55D495753C4107423A8CD39B2832BD3A175F2F5B32934F4A0E85BE9B9F9283178BD5D730D409EE75465D924C708F4618BB913EF3A9C5CE852B23590461A688123B48E24038B367ECE16408B4B7D9668070A7ACFE931F80DBF497D471D1566CABCE166BB5655D0434D2D3D6474E4C2CC524F436C901B7AE2B2023E1E3D411BDC0E23E90C435C3402607FCE0611E3906A8EADE071B2DD98778E31ABBAAF89C4D5C3422107FCE4609E2492493A92789C748D9B6AF275A2DD57496F86A65AAAB7814CCEC1232136C12177B62F39FB385EC3AD55F658603C69E8FF00A347E0763D26F59C5B28529222E630B348016ED038804F69E27167BD5D72F5419ED95462DA20C909F4A197B9D3EF1A1C656CD9419A29DCA2F90AD8541A8A52752BF4D0FCA43D468CC55514B3B10A8A38924E8062DD46B6FA2A5A65FECD0027B5B893EB3D666AB70A4AFF007CC7FD554F1EE947FA8F3EFF007BA6CBD69A9B8D42EDEC68B14438CB2B6E541F79E4315B5B5773ADA9AFAD98CB533B6D48FF006055EC551B80F73BF172A411319D0691B9F480F92C7EE38E80A2F2791AE32739EFB527D491C69818AAA5F27AC910F438951F27BC6341B8E37F69FACE000397BBD3745B792A825E705EE98FAA58E44C5B693CAB09E45D6343E803F29873F01827DCA2ADABB656D357D14C62A981B6A37FB0AB76AB0DC462C17BA6CC569A6B8D3AEC6DEA92C5CE29577321FB8F31E7E56B7FBEEBCD538F82A6E1DF21FF0041D6DD2823B950CD4CC402DBD1BE6B0E070CB244EF1C8BB32231475EC23CDADCC7414A592126A651CA3236478B63387E12CC894B202AA694B98E994EE62FCF53C5C6399041041208234208E2083C08F75955D591D4156041079838E85DE89723C7454F501E7A4AFAB3549C190CCE5909EE65F701C545106D5E1001E253803E182082410411C411A11EE9C74B694A724C94D53388A6ABAEA53491FCB94C2FB4E54762AE1555155114055000038003DDE600049240000D492780007127193FF0965B4AA9095635450C94CC77294E7A8E0E714598E82A8AA4C4D34A794846C9F06F3511E4748E35DA91D82A2F6938B5D0A5B28A1A6520951ABB7CE63C4F5D9B2D40E972817781A5428E6A3837ABDDADADA7B7C0D34EFB2A3B37963C80C5C6F159732CAC4C54FCA153C47D3238E00000000007B978B24771D6784AC7560713B96403937DC712472C32BC52C6D1C88746461A107DDCB9986E1956F105D683D32A362A29C9D16A613BDA36F6A9E47168BBDBAFD6CA4BA5B663252D429284EE6461B991C7275E7EEBC71CA009103761E630D4111F8B23AF76E3816F8F9CCC7C0018B9D6D9F2E5B6AAEB706F274D4CA0B31F49D98EE544078BB1E03199330DC3355E27BAD7FA2586C53D383AAD3C237AC6BED63CCFBB1C72CF2A45146D248E745451A927167B1C76ED2798892AB911BD6307927DE7DC20104100838B75E2B2D855549969F9C2C780FA04F0C5156D3DC2059A07DA53DBB8A9E60FBB952D447FB4A65DEC0AD38EC53C5FD7CBAF650EACAC01523420E2F7696B4D4FA035A5909F24DF34FCC3F76249238639259182A229662780006A4E2BEBA4B9D499E4D420D44319F90A7EF3CFCDB95AA9AE718594149177472A8F497B8F68C5750555BA51154A00189D8906F4703B3DDC8D9CE7C99727670F2DA6A9945753AF11D93C5F4D7F88629EA29EAE9A9EAA92A127A69E35921950EAAE8C350479951514F494D515557509053411B4934AE7454451A92719E339CF9CEE48C81E2B4D2B30A1A76E27B6797E9B7F08F768682AAE3298A99010A46DC8772203DB8B6DAA9AD9195881791B7492B0F49BB8760F3682BA4B65489E3D4A1D04D18F96A3EF1CB11C91CD1C72C6C191D43291C0823507164B4B5DAA4ED8D296323CAB7CE3C7607DF8555450AA005034006E000FCC2B2920AEA7929E74DA8DC7AC778EFC67BA6A8B3451D04ADA8A993D093E7C69E91FB81F3E7821A989A19E259236E2AC3507173CBB3D26D4B47B53C03794E3220FE6180411A83A8F73A3CCFAD94EA0DBEE4ECD639DCB1E2C68E46E32A76C67E5AE015744747574750E8E8432BAB0D43291B88237823DC25511DDDD51114BBBB90AA8AA352CC4EE000DE49C74879F5B36540B75B5D96C74EE181DEA6B245E12BF6463E42FB84803527418B665D9EAF665ACDA8203BC27091C7F28C410434D12C3044B1C6BC15468079F9129AA2F30C94111D0534BE9C9F3237F486292920A1A78E081366341A0ED3DE7BFF32BED8ADF986824A1AE88943BD1D4E8F1B8E0E879118BFD82E396ABFDE75ABB48FAFBDEA00D12655F638F94BD45CAC549702D2AFC0547E9146E63F4D715D6FACB7301530E8A4E8B2AEF46F03EE7475D211CB4D1D9EEF296B2BB7C0CDC4D0B37B613CFE6E355D8F29E513C9EC6DF95DA1B1B1A6BB7B5C3674E78E917A423995A5B35A252B6546F869B81AE65F642397CEF7286DF59716229A1D541D1A56DC8BE2716DB1525BCACADF0F51FA461B94FD05EA2C160B8E65AEF7A510D944D3DF152C094854FB5CF25C58AC56FCBB411D0D0C7A20F49DDB7BC8E78BB9E64FE6975B4DBEF7452D0D7D3ACB03F23C41E4C0F22319A7265CB2BBB4DE9D4DB4EF4A9D37C7CB66603877370EA1D55D591D43230D19580208EC20E2BB2BC326D3D0C8216FD1392633E1C4AE2AA92A68A411D540D193C09DEADE0C371C7E315F3F177F16FF08C9F827CAEDF90FA3FA2DAFD16BBF6314B49535B218E9606908E246E55F163B862872BC31ECBD748266FD1212231E3C0B611551551142A28D15540000EC0075195B265CB343ACDE953DB41F4EA79C9F461078F7B62D569B7D928A2A2A0A758A08F801C49E6CC7993CCFE6CE892A323A0646043291A820F238CCDD169264ACCBBB2878B50BB6887F54C7E2F81DD89639A9E7929EA609209E3DD2432A9475D7B8F23C8F512224B1B47222BA371460083E20E3F16ED3E5BCAF919367F43B67C9FFAE23448A358E345445E08A0003C00EA228E6A89E3A7A68249E7937470C4A5DDB4EE1C87338CB1D17E852AF316CB9E2B4087541FAD3F2FC38611122454450A8A0055034000E43F39BEE5BB3E63804771A357651F072AFA3247DE8C378C5F7A32BE5B4BCD6B6372A61BF6372D428F0DCAF86DA8E5921911A39A3243C4EA51D08E4558023AE5DA9258E18D1A49A4202448A5DDC9E4154127162E8CAF973292DCDBF06D37129B9EA1C786F54C58F2D59F2E4062B751AA330F8494FA52C9DEEC779FCF6EF60B2DFA211DCAD90D469F11D810EBFE575D197174E8875DB92CD7665FF06B06DAFEFAEF18B864ECD56B24CF649A44FD252E950A7D49E97D98F2B1ED98CB05707428DE8B0F107A8F2B19758C306727408BE931F003538B764ECD5742BE42C934687FB4AAD29D7EA7F48FA862D9D11707BCDDCBF6C1463617D6EDA938B4E5EB358A331DB6DD0D3EBB99D46AEDFE676D58FF00B8ABAD96EB8A04AEB7D354A8E0B344B20FE207153D1B64DA9D48B4F906238C134917D80E989BA20B095261BBDCA33D8CD1B8FB5312F43683FAACD3278352AB7B1860F438FF00F15FFF0083FF00F4C47D0DA680CD9A24F04A555F6B1C45D10D8540335DEE32B7734683EC4C52F46D93A9F42D69F2EC39CF2C92FD8CDA628AD96EB7294A2B7D3D329E22189631FC23FEA3FF00FFC4004711000201020206050808010A0700000000010203040500110612202122311041516171131423324272819130526282A1B1C1D2A2153344505392B2B3D1E10740438393A3E2FFDA0008010201013F00FEB59658A14324B22A20E6CC4003E27157A5D6AA7CC445EA1BEC0C97E6713E9AD73FF31490C63ED92FFB70FA537B7E554A9EEC6BFA8381A4D7D1FD3C9FFB71FEDC47A5F7743C5E464F793F6918A6D368C902AA8597ED46C1BF039628AF16DB86429EA94BFD43C2FF0023F4C4E58BB696C14C5A1A1559A4E4643EA2FEEC55D755D7C9E52A67691BAB3E43C07218556760AAA5989C80033270410483CC6151DCE48A58F6019E0D3D428CDA0900EF52362D9A515F42552626A21EC73C63C1B16FB9D1DCE2F294D2E797AC87732F88FA39658E18DE591C2A20CD98EE0062F9A472DC8B414E4C74BF2693C7BBBBA29E9E5AA9921897366F90EF386A0F32A4315226BD4CDC064E4403CCF70C51D8E969C069809A4EFF0054780C2808A154055EC1B862735EDC34CB147F6E4249F805CFF1C4F64ACAA6D79EE01DBBD71268ED628CD2589FBB320E2A292A69481342C99F22791F023A29AA67A399268252922F223F23DA3163BF43768FC9B811D4A8E24EA61DABF424E58D23BE9B94C69E06CA9633FF0091875F8767450D31ABA94847B41BF004E347E984704B3B2F1BB151DCABFEFB753510C48C258DDD0FAC044CCBF1DD962B96D8F9C9473953D7132B7F09E88A5960963962729221CD587307163BC25DA9758E4B3C790953F51DC7E834B6EC69A05A185B29265CE423AA3ECFBDD361205C17BE360301554640003327E24E67A723D98C8F66C56DB296B43164D593AA45E7F1EDC544269E69612EAC518A92BCB7745B2E12DB2B22A94CC81B9D7EB21E6310CD1CF1472C6C191D4329ED076A595218E49646C9114B31EC0066715D57257D5CF53273918903B0750F80E9B6C554B3C5550C2D22C6E35C2EF6C8F3DDCF960B0037F2279E1E703728CFBCE0C8EDCD8F4024604B20F689F1DF859C1F5972EF180430CD4838ADF3C3015A455F28DBB589C8AF877E1D4A332B6598241C883F88E9D0DB819209E85CEF8B8E3F71B98F81DAD2EABF37B5F9153C550E13EE8E23B16EAD6A2A9493D83C320ED5C4841898820820107B413B70FF00383E3F962F75A69A9C448D9493663C17ACEC592ACD15D68E6CF252E11FDD7E13B5A69397AEA483AA384BFC5CFF00F3B14B4B2D5CBE4E3C81C8B127900314692C540914CCA593841539EE0776DC3BA45C5DE8AAA69EA2A7590A20DCB99CC2AEC1C504E6AA8A9273CE5851CF8B0CF674A5F5EF7543EA2C6BFC20FEBB16B9843589AC72570509F1E5F8E148D4914F5804788DB8D82BEB1EA04E2E730868E6DFC4E3507DEE7F86CE8D3EBD9280F62B2FF7588D9D26195F6BFC63FF002D7668EF1A8A12A413972906F3F118041008DAABAE868C2EB825981D5518ABAB96B240EFB80F5547203674586562A2F197FCC6D9D2F88A5DF5BAA4851BF35FD36AD55027A555278E2E13E1D476AE3502A6A9D94E68BC2BE036AC7198AD16E53CCC2AC7EF716CE9B53131D0D501EAB346DF7B78FCB6A8EA9E9265906F1C997B46239126459236D6561983B175AE1121A78DBD230C988F641FD4ED4103D4CF0C09EB4AEA83C58E584458D151464AA0003B86CDE28BF942DB554E071B2E69EFAEF1B368D1DA9B9A899DBC8D3F5391996F7462AB431B7B51D603F625197F12E28E925A2A74A69942C885B58020F36271911D017B70FA375B72AB967478E2818AE4CC73272500E40627D0C5107A0AD2671F5D7246F966462A29E7A499E09E329221C994EC688D179C5C8D4B0E0A65CFEFB6E1B7A516C3435E6645F43504B8EE7F687413962C7A01A437254AC9AD734542BC6C5F81E451D488788E785554555550AAA00000C8003ABA2B493575198CB8CE0374DB09F35FBEDD172D15ACD268F2A08035540330C48552A7D824FE18B9DA2E766A8F36B8D0CB4D2F52C8B906EF53C98778E80092000493C80C58ADBFC996F8A261E95F8E5F78F57C36EE76F8AE74725349BB3DE8DF5587238A8A59E9AA5E9A58C8955B57540CC927965DB9F56341BFE1DD1D8A082BEE50A4D74601C06E24A6EE5FB7DADD17DD194AC2F534602547364E4B27FA1C491C90C8F1CB1B23A9C995864462BE8FCE135D07A551FDE1D98208C024628E95EAA4C892235F59BF4C2AAA2855192819018B3D8AAAECE1B7C74E0F14A7AFB97B4E28A869ADF02C14F18541F327B49EB38B9DAADF79A4928EE14893C0FCD1C723DAA7983DE31A71A1D3689DC1046ED2D054EB1A695B98CB9A3F78C68A598CD2ADC275F4687D083ED30F6BC07D0C1436E6BCDA2E35511268E75938799D5DE33F03BF114B14F1A4B13878DC66AC3911D374B2D15D932997565038255F587FA8C5CEC75D6B62654D787AA641C3F1ECC57D0F95CE68871FB4BF5BFDF14B4B25549AABB947ACDD98A6A53E8E9E9E26663B9554664E2D1A23EACD723DE2053FE3384448D551142A8190006400E9D3F8ADB73B6C76CA825A513C73285E69ABDBE2091844489151142A2801540C8003E8AD37AAAB4BE4BE92063C7113F88EC38A0B9D1DCA3D7A7973207121DCEBE23A59430208CC1E63172D11A2AACE4A56F3793B00CD0FC3AB145A1752646F3A9A38A3D6FF00A5C4CDF3000C505AE8ADA9AB4D085279B7366F127A4900124E400CC9C5E34A63843C16F60F272337355F77B4E1DDE4767772CEC732C4E649FA48A596091648A46475E4CA7223141A5F344152BA1F2ABFDA264AFF0011C8E292F56CADCBC9562063EC39D46F936CCD3C34CBAF3CC912F6BB05FCF15BA596EA7CD69C3543F770A7CCE2E37BB85CB35965D58BFB24DCBF1EDFF9182B6B69B741573443B11CA8C26915E9395731F7955BF3183A4D7B3FD37FF547FB712DEEEF2EE6B8CC0762B6A7F872C3333B16762CC7992733FD71FFC400401100020102030307080707050000000000010203041100053112202106101322415171303252618191B1D11423337282A1C115355092A2B2E14044546263FFDA0008010301013F00FE2A88F2305442CC74005CE20C8AB65E326CC43FEC6E7DC3117276987DAD448FF76CBF3C2E4996AEB016F176FD08C7EC6CB3FE2FF5BFCF0F9050369D227837CC1C4DC9C71730D483EA716FCC5F15141594BC658182FA438AFBC797A1C8A59AD254931A7620F38FCB1052C14A9B30C41076DB53E270CC145C9B0C03717182EA35618E913D218041E7ACC9696A6ED181149DEA3AA7C462AA8EA28DF6264B5F461A1F03E4D11E4754452CCC6C00D4E32CCA23A40B2CB679FDE13C3D7CD248235B9C190BB82E787761E777D0D8770E616BF1048C24EB1F9B1DB02AD7B50E1258DF46E69A18AA2368E540C87507199659250B6D2DDA163C1BB47A8F92CA32C149189655FAF61FC83BBC79A6731A5C6B8A87DB71DC06F81736BE2269410196E0F6F3491A4A8C8EA19185883DB8CCA81E826B71313F146FD0FAC790C8A844D29A9917A919B20EF6FF001CF55F663C7C8A48E8781F66237DB50D6B7356D2256D3BC2DA9E2A7B986871223C4EE8EB6652411EB1BC88D23A228BB31000EF2714B0252C11429A20B5FBCF69E79DD0AB21363A8C4ADD198DBB2FB2DE070F524F041ED382CEDE73938D95F44600034181248BA48DF1F8E16A5879CB7F0C2488FE6B61766E36B4C2105411A73F282942491D4A8E0FD57FBC34DEC8A0E96B76C8E11296F6E837278F6D3D634C547189BD9F1DF845E68FDBF0C411EDBF1D06BB99941F49A2A88EDC767697C578EF72762B534F2FA7205FE51FE77279D29D36DEF6BD80189E5495242970368703EFDF8BED63F1C535640184566DA66B5EDC2FA6ED4C5D0D4D445E848CBEE3BB922ECE5B01F48B1FCC8DCAF88CB4ED6D54ED7BB172030EFB7E5BE18AB061D98A188C9511F721DA3ECDDCDD76732AA1EB53EF5077726FDD94BF8FFBCEED465A598BC040BEA87F4DFA7A592A49D9B00352714F4E94C9B2BC49D5BBF773AFDE753F83FB06EE40FB5416F42461F03BD5F0F453920755FAC3F5DEA387A181548EB1EB3789DECC9F6EBEACFF00E847F2F0DDE4E4D67A9849D4071ECE077AA605A888A1E07553DC70E8D1B3238B30D46E505299184CE3A8A7AA3BCEF4B22C31C923688A58FB05F0C4B31626E49B9DDA0A9FA2564129F34359BEE9E0776BF378A9098D17A497B4760F1C41CA12384F07E24F91C4F509532BCD1DCAB5BE1CE4E1338828E9D2228CF20BDC0D389C45CA193A4FAC807467B8F1188278AA23592260CA7733EA9E8A8C440F5A56B7E11C4EFE4B59F49A511B1FAC86CA7D6BD879F33E56E514A4D3455A8F504ECDD7AC887BD9870C1249249B93C49E6A6FB08F0473D55BA63C7B073536794F92B86A9948865362A05CDFD200628332A1CCE2E968EA5264EDD93C4788D4731207138CCEB3E9B54EE0F517AA9E037E8EADE8AA1264E36E0C3BC1D4623A8865804EAE3A32BB573C2DE38E52F2B2A736965A7A591A2A106DC38197D6DEAEE1CD95E74D4A160A8BB41A29D4A7CC612449515E370C8C2E181B838A79FA26B1F34EB8041008E6A89844B61E71D304DC927198E6B050295E0F391C13BBD6D8A8A89AAA569667DA73F90EE18A4ACAAA09D2A296768A55D194FE47BC6392FCA24CF695C48A12AE1B0954686FA32E33CCC446869226EBB0FAC23B17BBDBE4679EACE5B5F4703802A232BC7B2FADBC470C491BC4EC8EA55D4D883CF4398D4D03DE26BA13D68DBCD3F238A1CD296BC008DB12F6C6DAFB3BF14F51D190ADE69FCB134EB12DF5274189665557965902A8D598D80C661CA026F1510B0D0CA471FC23049625989249B927893CFC95359495A6B6100208DE324E8DB5DDE0461999D999989626E49F2598659057AF1EACA0755C7C0F78C55D154513ECCC961D8C38A9F03B9479FD541659FEBD3D66CE3DBDB8A9E5242107D1E166723593805F76B8AAACA9AC7DA9E52D6D0680780E70092001727197644F21596AC154D447A31F1EEC2AAA285550140B003801E5248D25429220653A822E3157C9E8DEED4B26C1F41B8AFBF5189F2DAEA6BF494ED6F497AC3F2DD8E2926368A3673DCA09C536435931065D9857D7D66F70C51E594945631A6D3FA6DC4FFA196969A7FB58237FBCA0E1B27CB5B5A51EC661F0381926583FDB7F5BFCF099665F1F11491FB46D7C70AAAA0050001D83F8C7FFD9);

-- ----------------------------
-- Table structure for messages
-- ----------------------------
DROP TABLE IF EXISTS `messages`;
CREATE TABLE `messages`  (
  `id` bigint(20) NOT NULL AUTO_INCREMENT,
  `eventId` bigint(20) DEFAULT NULL,
  `senderId` bigint(20) DEFAULT NULL,
  `content` text CHARACTER SET latin1 COLLATE latin1_swedish_ci NOT NULL,
  `timestamp` datetime(0) DEFAULT CURRENT_TIMESTAMP ON UPDATE CURRENT_TIMESTAMP(0),
  PRIMARY KEY (`id`) USING BTREE,
  INDEX `event_id`(`eventId`) USING BTREE,
  INDEX `sender_id`(`senderId`) USING BTREE
) ENGINE = InnoDB AUTO_INCREMENT = 9 CHARACTER SET = latin1 COLLATE = latin1_swedish_ci ROW_FORMAT = Dynamic;

-- ----------------------------
-- Records of messages
-- ----------------------------
INSERT INTO `messages` VALUES (1, 4, 1, 'test message', '2024-07-21 22:06:41');
INSERT INTO `messages` VALUES (2, 4, 1, '1', '2024-07-21 22:30:18');
INSERT INTO `messages` VALUES (3, 4, 1, '2', '2024-07-21 22:55:21');
INSERT INTO `messages` VALUES (4, 4, 1, 'test', '2024-07-21 22:55:36');
INSERT INTO `messages` VALUES (5, 4, 1, '123', '2024-07-21 22:55:45');
INSERT INTO `messages` VALUES (6, 4, 1, 'test time', '2024-07-21 23:01:00');
INSERT INTO `messages` VALUES (7, 4, 1, 'test time2', '2024-07-21 23:04:25');
INSERT INTO `messages` VALUES (8, 4, 1, 'gjh', '2024-07-23 14:15:04');

-- ----------------------------
-- Table structure for organizer
-- ----------------------------
DROP TABLE IF EXISTS `organizer`;
CREATE TABLE `organizer`  (
  `id` bigint(20) NOT NULL AUTO_INCREMENT,
  `userId` bigint(20) NOT NULL,
  `organizationName` varchar(100) CHARACTER SET utf8mb4 COLLATE utf8mb4_general_ci DEFAULT NULL,
  `organizationDescription` text CHARACTER SET utf8mb4 COLLATE utf8mb4_general_ci,
  PRIMARY KEY (`id`) USING BTREE
) ENGINE = InnoDB AUTO_INCREMENT = 1 CHARACTER SET = utf8mb4 COLLATE = utf8mb4_general_ci ROW_FORMAT = Dynamic;

-- ----------------------------
-- Table structure for redemptionrecords
-- ----------------------------
DROP TABLE IF EXISTS `redemptionrecords`;
CREATE TABLE `redemptionrecords`  (
  `id` bigint(20) NOT NULL AUTO_INCREMENT,
  `userId` bigint(20) NOT NULL,
  `itemId` bigint(20) NOT NULL,
  `pointsUsed` int(11) NOT NULL,
  `createdAt` datetime(0) NOT NULL DEFAULT CURRENT_TIMESTAMP,
  PRIMARY KEY (`id`) USING BTREE
) ENGINE = InnoDB AUTO_INCREMENT = 1 CHARACTER SET = utf8mb4 COLLATE = utf8mb4_general_ci ROW_FORMAT = Dynamic;

-- ----------------------------
-- Table structure for rewardstore
-- ----------------------------
DROP TABLE IF EXISTS `rewardstore`;
CREATE TABLE `rewardstore`  (
  `id` bigint(20) NOT NULL AUTO_INCREMENT,
  `itemUrl` varchar(255) CHARACTER SET utf8mb4 COLLATE utf8mb4_general_ci DEFAULT NULL,
  `itemName` varchar(100) CHARACTER SET utf8mb4 COLLATE utf8mb4_general_ci NOT NULL,
  `itemDescription` text CHARACTER SET utf8mb4 COLLATE utf8mb4_general_ci,
  `pointsRequired` int(11) NOT NULL,
  `stock` int(11) DEFAULT 0,
  PRIMARY KEY (`id`) USING BTREE
) ENGINE = InnoDB AUTO_INCREMENT = 4 CHARACTER SET = utf8mb4 COLLATE = utf8mb4_general_ci ROW_FORMAT = Dynamic;

-- ----------------------------
-- Records of rewardstore
-- ----------------------------
INSERT INTO `rewardstore` VALUES (1, 'http://localhost:8080/uploads/test.png', 'Red bull', 'beverage', 1, 100);
INSERT INTO `rewardstore` VALUES (2, 'http://localhost:8080/uploads/test.png', 'jellycat', 'toy', 2, 100);
INSERT INTO `rewardstore` VALUES (3, 'http://localhost:8080/uploads/test.png', 'kebab', 'food', 3, 100);

-- ----------------------------
-- Table structure for roles
-- ----------------------------
DROP TABLE IF EXISTS `roles`;
CREATE TABLE `roles`  (
  `roleId` bigint(20) NOT NULL AUTO_INCREMENT,
  `roleName` varchar(50) CHARACTER SET utf8mb4 COLLATE utf8mb4_general_ci NOT NULL,
  PRIMARY KEY (`roleId`) USING BTREE,
  UNIQUE INDEX `role_name`(`roleName`) USING BTREE
) ENGINE = InnoDB AUTO_INCREMENT = 4 CHARACTER SET = utf8mb4 COLLATE = utf8mb4_general_ci ROW_FORMAT = Dynamic;

-- ----------------------------
-- Records of roles
-- ----------------------------
INSERT INTO `roles` VALUES (3, 'admin');
INSERT INTO `roles` VALUES (1, 'organizer');
INSERT INTO `roles` VALUES (2, 'volunteer');

-- ----------------------------
-- Table structure for users
-- ----------------------------
DROP TABLE IF EXISTS `users`;
CREATE TABLE `users`  (
  `id` bigint(20) NOT NULL AUTO_INCREMENT,
  `loginId` bigint(50) DEFAULT NULL,
  `username` varchar(50) CHARACTER SET utf8mb4 COLLATE utf8mb4_general_ci DEFAULT NULL,
  `phone` varchar(255) CHARACTER SET utf8mb4 COLLATE utf8mb4_general_ci DEFAULT NULL,
  `password` varchar(100) CHARACTER SET utf8mb4 COLLATE utf8mb4_general_ci DEFAULT NULL,
  `email` varchar(255) CHARACTER SET utf8mb4 COLLATE utf8mb4_general_ci DEFAULT NULL,
  `photo` varchar(255) CHARACTER SET utf8mb4 COLLATE utf8mb4_general_ci DEFAULT NULL,
  `enabled` tinyint(1) DEFAULT 1,
  PRIMARY KEY (`id`) USING BTREE,
  UNIQUE INDEX `username`(`username`) USING BTREE
) ENGINE = InnoDB AUTO_INCREMENT = 5 CHARACTER SET = utf8mb4 COLLATE = utf8mb4_general_ci ROW_FORMAT = Dynamic;

-- ----------------------------
-- Records of users
-- ----------------------------
INSERT INTO `users` VALUES (1, 1, 'organizer', '07961555608', '$2a$10$Xr6WrdQBrtCumI6T9UN8cOaLkgNUQzEw5sIyw3lDjMSFOrOo2KlRi', '13253348930@163.com', 'https://s2.loli.net/2024/06/07/hjc65p2HRtKYFbG.png', 1);
INSERT INTO `users` VALUES (2, 2, 'admin', '13253348930', '$2a$10$oerriH6/v5CkxPgoIJpNv.jJj1h7ATIqfpXmlyHDPbR2M7HXJpUoe', 'gongj13@cardiff.ac.uk', 'https://s2.loli.net/2024/06/07/hjc65p2HRtKYFbG.png', 1);
INSERT INTO `users` VALUES (3, 3, 'volunteer', '13370776044', '$2a$10$Xr6WrdQBrtCumI6T9UN8cOaLkgNUQzEw5sIyw3lDjMSFOrOo2KlRi', '543800896@qq.com', 'https://s2.loli.net/2024/06/07/hjc65p2HRtKYFbG.png', 1);
INSERT INTO `users` VALUES (4, 4, 'volunteer2', '15616547894', '$10$Xr6WrdQBrtCumI6T9UN8cOaLkgNUQzEw5sIyw3lDjMSFOrOo2KlRi', 'gjaiodjoia@163.com', 'https://s2.loli.net/2024/06/07/hjc65p2HRtKYFbG.png', 1);

-- ----------------------------
-- Table structure for volunteer
-- ----------------------------
DROP TABLE IF EXISTS `volunteer`;
CREATE TABLE `volunteer`  (
  `id` bigint(20) NOT NULL AUTO_INCREMENT,
  `userId` bigint(20) NOT NULL,
  `experience` text CHARACTER SET utf8mb4 COLLATE utf8mb4_general_ci,
  `firstAid` tinyint(1) DEFAULT NULL,
  `dbs` tinyint(1) DEFAULT NULL,
  `kudosPoints` int(11) DEFAULT 0,
  `eventCount` int(11) DEFAULT 0,
  `level` enum('Newbie','Bronze','Silver','Gold') CHARACTER SET utf8mb4 COLLATE utf8mb4_general_ci DEFAULT 'Newbie',
  PRIMARY KEY (`id`) USING BTREE
) ENGINE = InnoDB AUTO_INCREMENT = 3 CHARACTER SET = utf8mb4 COLLATE = utf8mb4_general_ci ROW_FORMAT = Dynamic;

-- ----------------------------
-- Records of volunteer
-- ----------------------------
INSERT INTO `volunteer` VALUES (1, 3, 'Olympic', 1, 1, 7, 2, 'Newbie');
INSERT INTO `volunteer` VALUES (2, 4, 'Olympic', 1, 0, 11, 1, 'Newbie');

-- ----------------------------
-- Table structure for volunteerratings
-- ----------------------------
DROP TABLE IF EXISTS `volunteerratings`;
CREATE TABLE `volunteerratings`  (
  `id` bigint(20) NOT NULL AUTO_INCREMENT,
  `eventId` bigint(20) NOT NULL,
  `organizerId` bigint(20) NOT NULL,
  `volunteerId` bigint(20) NOT NULL,
  `rating` int(11) DEFAULT NULL,
  `comment` text CHARACTER SET utf8mb4 COLLATE utf8mb4_general_ci,
  `createdAt` datetime(0) NOT NULL DEFAULT CURRENT_TIMESTAMP,
  PRIMARY KEY (`id`) USING BTREE
) ENGINE = InnoDB AUTO_INCREMENT = 7 CHARACTER SET = utf8mb4 COLLATE = utf8mb4_general_ci ROW_FORMAT = Dynamic;

-- ----------------------------
-- Records of volunteerratings
-- ----------------------------
INSERT INTO `volunteerratings` VALUES (6, 4, 1, 1, 3, 'ew', '2024-07-23 14:15:49');

SET FOREIGN_KEY_CHECKS = 1;
